{"guid": "491d9ea7-1c64-4455-8768-ba9223f34787", "urls": [{"id": "0", "url": "", "xyz": [11.4753, 0, 89.33389995572313], "roll": 89.33389995572313, "time": "1621958453", "accel": {"x": 0.1494, "y": 9.6814, "z": 2.0691}, "floor": true, "pitch": 11.475326552114396, "azimuth": 0, "magnetic": {"x": 25.86, "y": -88.56, "z": -13.92}, "roll_real": 89.1159, "pitch_real": 12.0621, "orientation": 90, "azimuth_real": 0, "index": 0}, {"id": "1", "url": "", "xyz": [17.8633, 0, 90.77393660327479], "roll": 90.77393660327479, "time": "1621958453", "accel": {"x": -0.2739, "y": 9.3846, "z": 2.9633}, "floor": false, "pitch": 17.86325374816917, "azimuth": 0, "magnetic": {"x": 10.68, "y": -91.68, "z": -19.56}, "roll_real": 91.6718, "pitch_real": 17.5172, "orientation": 90, "azimuth_real": 0, "index": 2}], "userId": "f5aabe67-28f9-4107-9ebf-a34c0efe8f64", "visitId": "9701ed2b-1eac-4952-b441-7749f5dfb85d", "settings": {"options": {"type": "7af9b41e-fb97-4826-bb66-6e472b5117a2"}}, "placeId": "b1e4ec9d-4e2a-4f86-8475-7716c0cebcd5", "extension_data": {"place": {"address": "SVGVV5462DG8H9FWGY4L"}}}