{"guid": "b6f6fa0d-fadb-4105-ba64-9598686f0ba3", "urls": [{"id": "0", "url": "", "xyz": [11.4753, 0, 89.33389995572313], "roll": 89.33389995572313, "time": "1621785893", "accel": {"x": 0.1494, "y": 9.6814, "z": 2.0691}, "floor": true, "pitch": 11.475326552114396, "azimuth": 0, "magnetic": {"x": 25.86, "y": -88.56, "z": -13.92}, "roll_real": 89.1159, "pitch_real": 12.0621, "orientation": 90, "azimuth_real": 0, "index": 0}, {"id": "1", "url": "", "xyz": [17.8633, 0, 90.77393660327479], "roll": 90.77393660327479, "time": "1621785653", "accel": {"x": -0.2739, "y": 9.3846, "z": 2.9633}, "floor": false, "pitch": 17.86325374816917, "azimuth": 0, "magnetic": {"x": 10.68, "y": -91.68, "z": -19.56}, "roll_real": 91.6718, "pitch_real": 17.5172, "orientation": 90, "azimuth_real": 0, "index": 2}], "userId": "9e3d89c9-da99-4562-b085-c56a279379fe", "visitId": "6428ce34-84fb-4948-b8f8-aa292b508d79", "settings": {"options": {"type": "b8e3d5c6-0fdb-41a1-b97e-2b47954bca76"}}, "placeId": "97384b99-1a8d-4df6-9622-e77b48558c94", "extension_data": {"place": {"address": "8WHQ8I9B0PWNEY6AA01S"}}}