{"guid": "9bc63347-78ed-4925-bac0-03895963a5e7", "urls": [{"id": "0", "url": "", "xyz": [11.4753, 0, 89.33389995572313], "roll": 89.33389995572313, "time": "1622131493", "accel": {"x": 0.1494, "y": 9.6814, "z": 2.0691}, "floor": true, "pitch": 11.475326552114396, "azimuth": 0, "magnetic": {"x": 25.86, "y": -88.56, "z": -13.92}, "roll_real": 89.1159, "pitch_real": 12.0621, "orientation": 90, "azimuth_real": 0, "index": 0}, {"id": "1", "url": "", "xyz": [17.8633, 0, 90.77393660327479], "roll": 90.77393660327479, "time": "1622131133", "accel": {"x": -0.2739, "y": 9.3846, "z": 2.9633}, "floor": false, "pitch": 17.86325374816917, "azimuth": 0, "magnetic": {"x": 10.68, "y": -91.68, "z": -19.56}, "roll_real": 91.6718, "pitch_real": 17.5172, "orientation": 90, "azimuth_real": 0, "index": 2}], "userId": "e21e3a8b-1d52-4cd1-a105-de46271e9ac9", "visitId": "ce922093-30e5-439c-b4ab-b4fb8b7beeda", "settings": {"options": {"type": "7af9b41e-fb97-4826-bb66-6e472b5117a2"}}, "placeId": "09197f63-7a4e-45ee-a5aa-051f3ce88912", "extension_data": {"place": {"address": "GVSO1I1DOGQ771ZN8G24"}}}