{"guid": "b1e13b6d-f8fa-4c6f-bf73-35346e3fe214", "urls": [{"id": "0", "url": "", "xyz": [11.4753, 0, 89.33389995572313], "roll": 89.33389995572313, "time": "1621698953", "accel": {"x": 0.1494, "y": 9.6814, "z": 2.0691}, "floor": true, "pitch": 11.475326552114396, "azimuth": 0, "magnetic": {"x": 25.86, "y": -88.56, "z": -13.92}, "roll_real": 89.1159, "pitch_real": 12.0621, "orientation": 90, "azimuth_real": 0, "index": 0}, {"id": "1", "url": "", "xyz": [17.8633, 0, 90.77393660327479], "roll": 90.77393660327479, "time": "1621698953", "accel": {"x": -0.2739, "y": 9.3846, "z": 2.9633}, "floor": false, "pitch": 17.86325374816917, "azimuth": 0, "magnetic": {"x": 10.68, "y": -91.68, "z": -19.56}, "roll_real": 91.6718, "pitch_real": 17.5172, "orientation": 90, "azimuth_real": 0, "index": 2}], "userId": "e0a72059-10b4-427f-bf23-98d869af5344", "visitId": "afbf6d41-6cc5-46ab-b6b7-cc5ee117d4fc", "settings": {"options": {"type": "7a9ff740-8292-43c4-b1f1-9fe0dad1442d"}}, "placeId": "fe5fe195-f476-48ae-8bc7-9b997926b2a5", "extension_data": {"place": {"address": "00YX3S2N3YBFEV7TPXG0"}}}