{"guid": "5d4241ee-0688-47f8-9e35-8ecb11d4e889", "urls": [{"id": "0", "url": "", "xyz": [11.4753, 0, 89.33389995572313], "roll": 89.33389995572313, "time": "1621526213", "accel": {"x": 0.1494, "y": 9.6814, "z": 2.0691}, "floor": true, "pitch": 11.475326552114396, "azimuth": 0, "magnetic": {"x": 25.86, "y": -88.56, "z": -13.92}, "roll_real": 89.1159, "pitch_real": 12.0621, "orientation": 90, "azimuth_real": 0, "index": 0}, {"id": "1", "url": "", "xyz": [17.8633, 0, 90.77393660327479], "roll": 90.77393660327479, "time": "1621526273", "accel": {"x": -0.2739, "y": 9.3846, "z": 2.9633}, "floor": false, "pitch": 17.86325374816917, "azimuth": 0, "magnetic": {"x": 10.68, "y": -91.68, "z": -19.56}, "roll_real": 91.6718, "pitch_real": 17.5172, "orientation": 90, "azimuth_real": 0, "index": 2}], "userId": "9e3d89c9-da99-4562-b085-c56a279379fe", "visitId": "e375ceb8-88af-4c5e-bc97-013c322876ac", "settings": {"options": {"type": "65cc7b71-d59f-4b62-883a-ef60ae9074f0"}}, "placeId": "58f10d70-3411-4086-b5b2-589f98e72826", "extension_data": {"place": {"address": "ON9NRRRSNY9K0JSJ32P7"}}}