{"guid": "195efb52-ca60-4e82-9ed2-f0fae0726655", "urls": [{"id": "0", "url": "", "xyz": [11.4753, 0, 89.33389995572313], "roll": 89.33389995572313, "time": "1621699313", "accel": {"x": 0.1494, "y": 9.6814, "z": 2.0691}, "floor": true, "pitch": 11.475326552114396, "azimuth": 0, "magnetic": {"x": 25.86, "y": -88.56, "z": -13.92}, "roll_real": 89.1159, "pitch_real": 12.0621, "orientation": 90, "azimuth_real": 0, "index": 0}, {"id": "1", "url": "", "xyz": [17.8633, 0, 90.77393660327479], "roll": 90.77393660327479, "time": "1621699493", "accel": {"x": -0.2739, "y": 9.3846, "z": 2.9633}, "floor": false, "pitch": 17.86325374816917, "azimuth": 0, "magnetic": {"x": 10.68, "y": -91.68, "z": -19.56}, "roll_real": 91.6718, "pitch_real": 17.5172, "orientation": 90, "azimuth_real": 0, "index": 2}], "userId": "89b812d9-9bfb-499c-a9d4-1307458ba7a8", "visitId": "37d6e1e5-cf1e-4f21-a77d-185e971d34f7", "settings": {"options": {"type": "6b5745b4-5cef-4cc6-8c5b-278def0e27a7"}}, "placeId": "56be4c84-0449-4015-a0ef-3d42c7190f54", "extension_data": {"place": {"address": "A66K6QH3J1WPWXY882X1"}}}