{"guid": "94cf4a21-fddc-4efc-b595-ef231deba7a3", "urls": [{"id": "0", "url": "", "xyz": [11.4753, 0, 89.33389995572313], "roll": 89.33389995572313, "time": "1621785593", "accel": {"x": 0.1494, "y": 9.6814, "z": 2.0691}, "floor": true, "pitch": 11.475326552114396, "azimuth": 0, "magnetic": {"x": 25.86, "y": -88.56, "z": -13.92}, "roll_real": 89.1159, "pitch_real": 12.0621, "orientation": 90, "azimuth_real": 0, "index": 0}, {"id": "1", "url": "", "xyz": [17.8633, 0, 90.77393660327479], "roll": 90.77393660327479, "time": "1621785413", "accel": {"x": -0.2739, "y": 9.3846, "z": 2.9633}, "floor": false, "pitch": 17.86325374816917, "azimuth": 0, "magnetic": {"x": 10.68, "y": -91.68, "z": -19.56}, "roll_real": 91.6718, "pitch_real": 17.5172, "orientation": 90, "azimuth_real": 0, "index": 2}], "userId": "89b812d9-9bfb-499c-a9d4-1307458ba7a8", "visitId": "b1e2398e-b390-44f8-9470-225b7963c13b", "settings": {"options": {"type": "58ec9b4e-112c-4a62-8572-03869dc53706"}}, "placeId": "4d65f735-7e80-41c3-8c03-7f84ff117a04", "extension_data": {"place": {"address": "0BIF6287J0M5Q57SXBM6"}}}