{"guid": "d5fe7eca-3f5a-4204-859a-5cb9c113acdd", "urls": [{"id": "0", "url": "", "xyz": [11.4753, 0, 89.33389995572313], "roll": 89.33389995572313, "time": "1621785653", "accel": {"x": 0.1494, "y": 9.6814, "z": 2.0691}, "floor": true, "pitch": 11.475326552114396, "azimuth": 0, "magnetic": {"x": 25.86, "y": -88.56, "z": -13.92}, "roll_real": 89.1159, "pitch_real": 12.0621, "orientation": 90, "azimuth_real": 0, "index": 0}, {"id": "1", "url": "", "xyz": [17.8633, 0, 90.77393660327479], "roll": 90.77393660327479, "time": "1621785653", "accel": {"x": -0.2739, "y": 9.3846, "z": 2.9633}, "floor": false, "pitch": 17.86325374816917, "azimuth": 0, "magnetic": {"x": 10.68, "y": -91.68, "z": -19.56}, "roll_real": 91.6718, "pitch_real": 17.5172, "orientation": 90, "azimuth_real": 0, "index": 2}], "userId": "f6ce503a-b223-4124-8078-747b5a22e2f7", "visitId": "edcfff13-1a79-4df8-9295-7a55ab56e512", "settings": {"options": {"type": "0d663174-547c-4d71-9363-dc21eca79b1d"}}, "placeId": "f41caf09-d19b-4302-8667-4a5e823244e0", "extension_data": {"place": {"address": "RN1IDQGX7G3Q0LKY8I5Z"}}}