{"guid": "17503345-4f17-4405-9bcf-06f42f28c2d7", "urls": [{"id": "0", "url": "", "xyz": [11.4753, 0, 89.33389995572313], "roll": 89.33389995572313, "time": "1622131493", "accel": {"x": 0.1494, "y": 9.6814, "z": 2.0691}, "floor": true, "pitch": 11.475326552114396, "azimuth": 0, "magnetic": {"x": 25.86, "y": -88.56, "z": -13.92}, "roll_real": 89.1159, "pitch_real": 12.0621, "orientation": 90, "azimuth_real": 0, "index": 0}, {"id": "1", "url": "", "xyz": [17.8633, 0, 90.77393660327479], "roll": 90.77393660327479, "time": "1622131133", "accel": {"x": -0.2739, "y": 9.3846, "z": 2.9633}, "floor": false, "pitch": 17.86325374816917, "azimuth": 0, "magnetic": {"x": 10.68, "y": -91.68, "z": -19.56}, "roll_real": 91.6718, "pitch_real": 17.5172, "orientation": 90, "azimuth_real": 0, "index": 2}], "userId": "3a12aba3-a373-4bff-8da2-78204090fc96", "visitId": "3bd5d3bb-4c94-4d8a-9205-fcf4688e44f2", "settings": {"options": {"type": "0468e2f4-aead-40e2-8170-f94326d088ca"}}, "placeId": "4a0023cc-7df9-4132-83ab-16fd78d4fd52", "extension_data": {"place": {"address": "N0OVFRL8JSDAN43RLD51"}}}