{"guid": "8750d192-e707-4087-a10f-447a439fb639", "urls": [{"id": "0", "url": "", "xyz": [11.4753, 0, 89.33389995572313], "roll": 89.33389995572313, "time": "1622044553", "accel": {"x": 0.1494, "y": 9.6814, "z": 2.0691}, "floor": true, "pitch": 11.475326552114396, "azimuth": 0, "magnetic": {"x": 25.86, "y": -88.56, "z": -13.92}, "roll_real": 89.1159, "pitch_real": 12.0621, "orientation": 90, "azimuth_real": 0, "index": 0}, {"id": "1", "url": "", "xyz": [17.8633, 0, 90.77393660327479], "roll": 90.77393660327479, "time": "1622044793", "accel": {"x": -0.2739, "y": 9.3846, "z": 2.9633}, "floor": false, "pitch": 17.86325374816917, "azimuth": 0, "magnetic": {"x": 10.68, "y": -91.68, "z": -19.56}, "roll_real": 91.6718, "pitch_real": 17.5172, "orientation": 90, "azimuth_real": 0, "index": 2}], "userId": "8ae82601-779f-4fef-a47f-15afaf660692", "visitId": "9ea6120f-de0e-4c4e-b126-dadd020d3f90", "settings": {"options": {"type": "da4e2160-aa76-4dd0-b5f8-971892e392b7"}}, "placeId": "79692681-805f-489b-92d7-4f250cd8d3c6", "extension_data": {"place": {"address": "2Q5HUZVET49S99TOU645"}}}