{"guid": "ec2cc588-510e-42b6-a000-45eb01a5cacf", "urls": [{"id": "0", "url": "", "xyz": [11.4753, 0, 89.33389995572313], "roll": 89.33389995572313, "time": "1621872173", "accel": {"x": 0.1494, "y": 9.6814, "z": 2.0691}, "floor": true, "pitch": 11.475326552114396, "azimuth": 0, "magnetic": {"x": 25.86, "y": -88.56, "z": -13.92}, "roll_real": 89.1159, "pitch_real": 12.0621, "orientation": 90, "azimuth_real": 0, "index": 0}, {"id": "1", "url": "", "xyz": [17.8633, 0, 90.77393660327479], "roll": 90.77393660327479, "time": "1621871753", "accel": {"x": -0.2739, "y": 9.3846, "z": 2.9633}, "floor": false, "pitch": 17.86325374816917, "azimuth": 0, "magnetic": {"x": 10.68, "y": -91.68, "z": -19.56}, "roll_real": 91.6718, "pitch_real": 17.5172, "orientation": 90, "azimuth_real": 0, "index": 2}], "userId": "036f5a0b-551f-4247-a611-28e6d6666d27", "visitId": "a03178a1-c0cb-4e6e-ac31-0799c9ddac41", "settings": {"options": {"type": "38271c2b-a066-49b7-8aad-de63b3418eef"}}, "placeId": "53ebb532-5c0e-4fdd-885c-6114df0c58f4", "extension_data": {"place": {"address": "8FBQ7240XDB2ED5XT77J"}}}