{"guid": "2e9fe8dc-1bcc-4d1f-ae88-a7a86736b58c", "urls": [{"id": "0", "url": "", "xyz": [11.4753, 0, 89.33389995572313], "roll": 89.33389995572313, "time": "1622217893", "accel": {"x": 0.1494, "y": 9.6814, "z": 2.0691}, "floor": true, "pitch": 11.475326552114396, "azimuth": 0, "magnetic": {"x": 25.86, "y": -88.56, "z": -13.92}, "roll_real": 89.1159, "pitch_real": 12.0621, "orientation": 90, "azimuth_real": 0, "index": 0}, {"id": "1", "url": "", "xyz": [17.8633, 0, 90.77393660327479], "roll": 90.77393660327479, "time": "1622217413", "accel": {"x": -0.2739, "y": 9.3846, "z": 2.9633}, "floor": false, "pitch": 17.86325374816917, "azimuth": 0, "magnetic": {"x": 10.68, "y": -91.68, "z": -19.56}, "roll_real": 91.6718, "pitch_real": 17.5172, "orientation": 90, "azimuth_real": 0, "index": 2}], "userId": "f6ce503a-b223-4124-8078-747b5a22e2f7", "visitId": "3ff09900-f254-49fb-9c1d-7497e57e8e35", "settings": {"options": {"type": "58ec9b4e-112c-4a62-8572-03869dc53706"}}, "placeId": "ddc85da2-962e-4fd4-8abc-c98993d3a581", "extension_data": {"place": {"address": "IGS03GM6Y4DCJ86KDLRK"}}}