{"guid": "e167ab3a-0da4-4fbc-a297-78d3158d4424", "urls": [{"id": "0", "url": "", "xyz": [11.4753, 0, 89.33389995572313], "roll": 89.33389995572313, "time": "1621958393", "accel": {"x": 0.1494, "y": 9.6814, "z": 2.0691}, "floor": true, "pitch": 11.475326552114396, "azimuth": 0, "magnetic": {"x": 25.86, "y": -88.56, "z": -13.92}, "roll_real": 89.1159, "pitch_real": 12.0621, "orientation": 90, "azimuth_real": 0, "index": 0}, {"id": "1", "url": "", "xyz": [17.8633, 0, 90.77393660327479], "roll": 90.77393660327479, "time": "1621958393", "accel": {"x": -0.2739, "y": 9.3846, "z": 2.9633}, "floor": false, "pitch": 17.86325374816917, "azimuth": 0, "magnetic": {"x": 10.68, "y": -91.68, "z": -19.56}, "roll_real": 91.6718, "pitch_real": 17.5172, "orientation": 90, "azimuth_real": 0, "index": 2}], "userId": "110fa97d-fc80-4b27-a6f0-847f670a9f39", "visitId": "9f653d10-4a38-4d13-a71b-8b483ee7a7e1", "settings": {"options": {"type": "c049cd51-9a7d-48ba-a1c6-47a8d3734f26"}}, "placeId": "1c0fc4ba-aaf3-4958-b2b8-416c7c379ced", "extension_data": {"place": {"address": "6K4C1F8RUXCYH4CH5VMR"}}}