{"guid": "1599050d-967e-4b75-b382-57d526ed64c5", "urls": [{"id": "0", "url": "", "xyz": [11.4753, 0, 89.33389995572313], "roll": 89.33389995572313, "time": "1621872113", "accel": {"x": 0.1494, "y": 9.6814, "z": 2.0691}, "floor": true, "pitch": 11.475326552114396, "azimuth": 0, "magnetic": {"x": 25.86, "y": -88.56, "z": -13.92}, "roll_real": 89.1159, "pitch_real": 12.0621, "orientation": 90, "azimuth_real": 0, "index": 0}, {"id": "1", "url": "", "xyz": [17.8633, 0, 90.77393660327479], "roll": 90.77393660327479, "time": "1621871753", "accel": {"x": -0.2739, "y": 9.3846, "z": 2.9633}, "floor": false, "pitch": 17.86325374816917, "azimuth": 0, "magnetic": {"x": 10.68, "y": -91.68, "z": -19.56}, "roll_real": 91.6718, "pitch_real": 17.5172, "orientation": 90, "azimuth_real": 0, "index": 2}], "userId": "b78718e8-4f7f-4995-9870-54fada21e898", "visitId": "028e9ba3-e282-4729-a237-20c1bf931fc7", "settings": {"options": {"type": "0d663174-547c-4d71-9363-dc21eca79b1d"}}, "placeId": "135de5de-e98f-40b7-a5df-5eb2521e460b", "extension_data": {"place": {"address": "SG61JMCGO533W99AE6US"}}}