{"guid": "4471e819-d625-4d3b-9c79-b1cde3c51d4e", "urls": [{"id": "0", "url": "", "xyz": [11.4753, 0, 89.33389995572313], "roll": 89.33389995572313, "time": "1622131493", "accel": {"x": 0.1494, "y": 9.6814, "z": 2.0691}, "floor": true, "pitch": 11.475326552114396, "azimuth": 0, "magnetic": {"x": 25.86, "y": -88.56, "z": -13.92}, "roll_real": 89.1159, "pitch_real": 12.0621, "orientation": 90, "azimuth_real": 0, "index": 0}, {"id": "1", "url": "", "xyz": [17.8633, 0, 90.77393660327479], "roll": 90.77393660327479, "time": "1622131073", "accel": {"x": -0.2739, "y": 9.3846, "z": 2.9633}, "floor": false, "pitch": 17.86325374816917, "azimuth": 0, "magnetic": {"x": 10.68, "y": -91.68, "z": -19.56}, "roll_real": 91.6718, "pitch_real": 17.5172, "orientation": 90, "azimuth_real": 0, "index": 2}], "userId": "5fda6ac1-e13e-4538-8e52-03a5d22a4a1d", "visitId": "f5ba5939-ae96-4a01-a92e-c3107dc81145", "settings": {"options": {"type": "0d663174-547c-4d71-9363-dc21eca79b1d"}}, "placeId": "32dca710-f9ba-4905-9960-1a23b4946a2c", "extension_data": {"place": {"address": "64T740VYQGT63WI69RS4"}}}