{"guid": "7916bbb0-e7d9-4f1c-844f-3e8c2bf42443", "urls": [{"id": "0", "url": "", "xyz": [11.4753, 0, 89.33389995572313], "roll": 89.33389995572313, "time": "1622217473", "accel": {"x": 0.1494, "y": 9.6814, "z": 2.0691}, "floor": true, "pitch": 11.475326552114396, "azimuth": 0, "magnetic": {"x": 25.86, "y": -88.56, "z": -13.92}, "roll_real": 89.1159, "pitch_real": 12.0621, "orientation": 90, "azimuth_real": 0, "index": 0}, {"id": "1", "url": "", "xyz": [17.8633, 0, 90.77393660327479], "roll": 90.77393660327479, "time": "1622217773", "accel": {"x": -0.2739, "y": 9.3846, "z": 2.9633}, "floor": false, "pitch": 17.86325374816917, "azimuth": 0, "magnetic": {"x": 10.68, "y": -91.68, "z": -19.56}, "roll_real": 91.6718, "pitch_real": 17.5172, "orientation": 90, "azimuth_real": 0, "index": 2}], "userId": "55f065e2-2b96-488b-8bd3-61267a478d29", "visitId": "e1731898-3a41-4576-aaf1-0a91d76a05b8", "settings": {"options": {"type": "3332868d-012b-4140-ab3a-09029cd0ed33"}}, "placeId": "21d3d372-e1e6-49a5-8758-d9fa46a9e801", "extension_data": {"place": {"address": "3D087G4O2PRZ55HZ0XNK"}}}