{"guid": "9b188052-c1f4-4909-a7b0-9f686599290a", "urls": [{"id": "0", "url": "", "xyz": [11.4753, 0, 89.33389995572313], "roll": 89.33389995572313, "time": "1621612973", "accel": {"x": 0.1494, "y": 9.6814, "z": 2.0691}, "floor": true, "pitch": 11.475326552114396, "azimuth": 0, "magnetic": {"x": 25.86, "y": -88.56, "z": -13.92}, "roll_real": 89.1159, "pitch_real": 12.0621, "orientation": 90, "azimuth_real": 0, "index": 0}, {"id": "1", "url": "", "xyz": [17.8633, 0, 90.77393660327479], "roll": 90.77393660327479, "time": "1621612973", "accel": {"x": -0.2739, "y": 9.3846, "z": 2.9633}, "floor": false, "pitch": 17.86325374816917, "azimuth": 0, "magnetic": {"x": 10.68, "y": -91.68, "z": -19.56}, "roll_real": 91.6718, "pitch_real": 17.5172, "orientation": 90, "azimuth_real": 0, "index": 2}], "userId": "f5aabe67-28f9-4107-9ebf-a34c0efe8f64", "visitId": "7d268cc2-dd91-45b6-9cb8-44758487182c", "settings": {"options": {"type": "da4e2160-aa76-4dd0-b5f8-971892e392b7"}}, "placeId": "d5f48bd8-8bcf-4d54-bb4f-d41f08681eae", "extension_data": {"place": {"address": "TQH3LC70D5L2ZMEC31QS"}}}