{"guid": "ac0b877e-0baf-4aea-9a0b-06f294320aa3", "urls": [{"id": "0", "url": "", "xyz": [11.4753, 0, 89.33389995572313], "roll": 89.33389995572313, "time": "1622044673", "accel": {"x": 0.1494, "y": 9.6814, "z": 2.0691}, "floor": true, "pitch": 11.475326552114396, "azimuth": 0, "magnetic": {"x": 25.86, "y": -88.56, "z": -13.92}, "roll_real": 89.1159, "pitch_real": 12.0621, "orientation": 90, "azimuth_real": 0, "index": 0}, {"id": "1", "url": "", "xyz": [17.8633, 0, 90.77393660327479], "roll": 90.77393660327479, "time": "1622044733", "accel": {"x": -0.2739, "y": 9.3846, "z": 2.9633}, "floor": false, "pitch": 17.86325374816917, "azimuth": 0, "magnetic": {"x": 10.68, "y": -91.68, "z": -19.56}, "roll_real": 91.6718, "pitch_real": 17.5172, "orientation": 90, "azimuth_real": 0, "index": 2}], "userId": "036f5a0b-551f-4247-a611-28e6d6666d27", "visitId": "f3ed0594-242b-4e50-9ded-5eff5177c25f", "settings": {"options": {"type": "338f0d0a-9cde-452f-a389-b5e9ca5d7c25"}}, "placeId": "d1eb2d3e-49dd-407b-abd4-e0cf0b6fa921", "extension_data": {"place": {"address": "Q1TM3XZFUKQ49B8XU647"}}}