{"guid": "bb0ef2cb-aa1b-4f2d-b340-410dfab164ac", "urls": [{"id": "0", "url": "", "xyz": [11.4753, 0, 89.33389995572313], "roll": 89.33389995572313, "time": "1622044673", "accel": {"x": 0.1494, "y": 9.6814, "z": 2.0691}, "floor": true, "pitch": 11.475326552114396, "azimuth": 0, "magnetic": {"x": 25.86, "y": -88.56, "z": -13.92}, "roll_real": 89.1159, "pitch_real": 12.0621, "orientation": 90, "azimuth_real": 0, "index": 0}, {"id": "1", "url": "", "xyz": [17.8633, 0, 90.77393660327479], "roll": 90.77393660327479, "time": "1622044973", "accel": {"x": -0.2739, "y": 9.3846, "z": 2.9633}, "floor": false, "pitch": 17.86325374816917, "azimuth": 0, "magnetic": {"x": 10.68, "y": -91.68, "z": -19.56}, "roll_real": 91.6718, "pitch_real": 17.5172, "orientation": 90, "azimuth_real": 0, "index": 2}], "userId": "5fda6ac1-e13e-4538-8e52-03a5d22a4a1d", "visitId": "e444bc2a-a76f-4c57-82fa-3f31f73d4339", "settings": {"options": {"type": "905aad4e-22bb-4289-b144-0bd286b64e27"}}, "placeId": "deb8c00a-bf37-4616-94d4-cdf5e2e16a94", "extension_data": {"place": {"address": "91POJSXNTCAYKBFWVIBN"}}}