{"guid": "ae73b708-e23b-4ed7-a315-42f346f3bb7b", "urls": [{"id": "0", "url": "", "xyz": [11.4753, 0, 89.33389995572313], "roll": 89.33389995572313, "time": "1621699373", "accel": {"x": 0.1494, "y": 9.6814, "z": 2.0691}, "floor": true, "pitch": 11.475326552114396, "azimuth": 0, "magnetic": {"x": 25.86, "y": -88.56, "z": -13.92}, "roll_real": 89.1159, "pitch_real": 12.0621, "orientation": 90, "azimuth_real": 0, "index": 0}, {"id": "1", "url": "", "xyz": [17.8633, 0, 90.77393660327479], "roll": 90.77393660327479, "time": "1621699193", "accel": {"x": -0.2739, "y": 9.3846, "z": 2.9633}, "floor": false, "pitch": 17.86325374816917, "azimuth": 0, "magnetic": {"x": 10.68, "y": -91.68, "z": -19.56}, "roll_real": 91.6718, "pitch_real": 17.5172, "orientation": 90, "azimuth_real": 0, "index": 2}], "userId": "f8448cd2-cd45-4b43-8852-2a223afeae3e", "visitId": "ce922093-30e5-439c-b4ab-b4fb8b7beeda", "settings": {"options": {"type": "585edf21-0e24-4abc-b59e-7df264332850"}}, "placeId": "09197f63-7a4e-45ee-a5aa-051f3ce88912", "extension_data": {"place": {"address": "GVSO1I1DOGQ771ZN8G24"}}}