{"guid": "42262140-745e-483d-bcad-d9acd1c32570", "urls": [{"id": "0", "url": "", "xyz": [11.4753, 0, 89.33389995572313], "roll": 89.33389995572313, "time": "1621526213", "accel": {"x": 0.1494, "y": 9.6814, "z": 2.0691}, "floor": true, "pitch": 11.475326552114396, "azimuth": 0, "magnetic": {"x": 25.86, "y": -88.56, "z": -13.92}, "roll_real": 89.1159, "pitch_real": 12.0621, "orientation": 90, "azimuth_real": 0, "index": 0}, {"id": "1", "url": "", "xyz": [17.8633, 0, 90.77393660327479], "roll": 90.77393660327479, "time": "1621526153", "accel": {"x": -0.2739, "y": 9.3846, "z": 2.9633}, "floor": false, "pitch": 17.86325374816917, "azimuth": 0, "magnetic": {"x": 10.68, "y": -91.68, "z": -19.56}, "roll_real": 91.6718, "pitch_real": 17.5172, "orientation": 90, "azimuth_real": 0, "index": 2}], "userId": "977d8969-fe05-411b-9dc8-21da2ce160c0", "visitId": "7910b1bf-08ef-4c30-9551-67284a58e243", "settings": {"options": {"type": "ef16592d-81a1-44c3-8fcd-905c29c5327f"}}, "placeId": "dcd18221-f064-4017-a54d-52eef379f939", "extension_data": {"place": {"address": "UFJG4CS2DPCT3KR057LT"}}}