{"guid": "22c308f2-718d-420f-a681-8f9f5e099933", "urls": [{"id": "0", "url": "", "xyz": [11.4753, 0, 89.33389995572313], "roll": 89.33389995572313, "time": "1621699193", "accel": {"x": 0.1494, "y": 9.6814, "z": 2.0691}, "floor": true, "pitch": 11.475326552114396, "azimuth": 0, "magnetic": {"x": 25.86, "y": -88.56, "z": -13.92}, "roll_real": 89.1159, "pitch_real": 12.0621, "orientation": 90, "azimuth_real": 0, "index": 0}, {"id": "1", "url": "", "xyz": [17.8633, 0, 90.77393660327479], "roll": 90.77393660327479, "time": "1621699373", "accel": {"x": -0.2739, "y": 9.3846, "z": 2.9633}, "floor": false, "pitch": 17.86325374816917, "azimuth": 0, "magnetic": {"x": 10.68, "y": -91.68, "z": -19.56}, "roll_real": 91.6718, "pitch_real": 17.5172, "orientation": 90, "azimuth_real": 0, "index": 2}], "userId": "3ef3cd1b-e437-4be4-be4d-67baad76f191", "visitId": "873eacf1-db55-44c5-8bfa-9bbc80e6adbd", "settings": {"options": {"type": "4c86eba5-0c60-433e-aeed-064293500082"}}, "placeId": "8e0f6187-526a-4d37-aa8e-8f66cd2f35c3", "extension_data": {"place": {"address": "L9ZDBG1KX5J7LI0LR491"}}}