{"guid": "faa5404b-4d20-4f34-adeb-b1c164436625", "urls": [{"id": "0", "url": "", "xyz": [11.4753, 0, 89.33389995572313], "roll": 89.33389995572313, "time": "1622217713", "accel": {"x": 0.1494, "y": 9.6814, "z": 2.0691}, "floor": true, "pitch": 11.475326552114396, "azimuth": 0, "magnetic": {"x": 25.86, "y": -88.56, "z": -13.92}, "roll_real": 89.1159, "pitch_real": 12.0621, "orientation": 90, "azimuth_real": 0, "index": 0}, {"id": "1", "url": "", "xyz": [17.8633, 0, 90.77393660327479], "roll": 90.77393660327479, "time": "1622217773", "accel": {"x": -0.2739, "y": 9.3846, "z": 2.9633}, "floor": false, "pitch": 17.86325374816917, "azimuth": 0, "magnetic": {"x": 10.68, "y": -91.68, "z": -19.56}, "roll_real": 91.6718, "pitch_real": 17.5172, "orientation": 90, "azimuth_real": 0, "index": 2}], "userId": "b78718e8-4f7f-4995-9870-54fada21e898", "visitId": "ccda72b2-6351-4a15-9900-e7f896072f9c", "settings": {"options": {"type": "38271c2b-a066-49b7-8aad-de63b3418eef"}}, "placeId": "8d09a8b7-c1d0-4f0b-90ca-de06031f3c40", "extension_data": {"place": {"address": "IRZEL7VXU5EKI8F9PXJV"}}}