{"guid": "1466bede-4859-4d11-a989-651fefa0c9c6", "urls": [{"id": "0", "url": "", "xyz": [11.4753, 0, 89.33389995572313], "roll": 89.33389995572313, "time": "1622303873", "accel": {"x": 0.1494, "y": 9.6814, "z": 2.0691}, "floor": true, "pitch": 11.475326552114396, "azimuth": 0, "magnetic": {"x": 25.86, "y": -88.56, "z": -13.92}, "roll_real": 89.1159, "pitch_real": 12.0621, "orientation": 90, "azimuth_real": 0, "index": 0}, {"id": "1", "url": "", "xyz": [17.8633, 0, 90.77393660327479], "roll": 90.77393660327479, "time": "1622303933", "accel": {"x": -0.2739, "y": 9.3846, "z": 2.9633}, "floor": false, "pitch": 17.86325374816917, "azimuth": 0, "magnetic": {"x": 10.68, "y": -91.68, "z": -19.56}, "roll_real": 91.6718, "pitch_real": 17.5172, "orientation": 90, "azimuth_real": 0, "index": 2}], "userId": "8ae82601-779f-4fef-a47f-15afaf660692", "visitId": "9a24a668-ded9-4438-8d22-217a6edd3d59", "settings": {"options": {"type": "0d663174-547c-4d71-9363-dc21eca79b1d"}}, "placeId": "540fc6ea-5519-4db0-b306-6b1e43f18002", "extension_data": {"place": {"address": "5GGKR1UEHF62651EG78H"}}}