{"guid": "627793a5-5b0e-48ed-bd53-9555032cd1ce", "urls": [{"id": "0", "url": "", "xyz": [11.4753, 0, 89.33389995572313], "roll": 89.33389995572313, "time": "1621613093", "accel": {"x": 0.1494, "y": 9.6814, "z": 2.0691}, "floor": true, "pitch": 11.475326552114396, "azimuth": 0, "magnetic": {"x": 25.86, "y": -88.56, "z": -13.92}, "roll_real": 89.1159, "pitch_real": 12.0621, "orientation": 90, "azimuth_real": 0, "index": 0}, {"id": "1", "url": "", "xyz": [17.8633, 0, 90.77393660327479], "roll": 90.77393660327479, "time": "1621613033", "accel": {"x": -0.2739, "y": 9.3846, "z": 2.9633}, "floor": false, "pitch": 17.86325374816917, "azimuth": 0, "magnetic": {"x": 10.68, "y": -91.68, "z": -19.56}, "roll_real": 91.6718, "pitch_real": 17.5172, "orientation": 90, "azimuth_real": 0, "index": 2}], "userId": "110fa97d-fc80-4b27-a6f0-847f670a9f39", "visitId": "0820b8f5-41fe-4363-aaa9-7d291fef3558", "settings": {"options": {"type": "7a9ff740-8292-43c4-b1f1-9fe0dad1442d"}}, "placeId": "6a3f2f24-2cea-4100-bb10-dd2dd5c01e8a", "extension_data": {"place": {"address": "M9VCXYFN5IAOOYB7Z2TC"}}}