{"guid": "3fba2d3f-c2de-4d28-a457-bcba44bf1f6f", "urls": [{"id": "0", "url": "", "xyz": [11.4753, 0, 89.33389995572313], "roll": 89.33389995572313, "time": "1621526393", "accel": {"x": 0.1494, "y": 9.6814, "z": 2.0691}, "floor": true, "pitch": 11.475326552114396, "azimuth": 0, "magnetic": {"x": 25.86, "y": -88.56, "z": -13.92}, "roll_real": 89.1159, "pitch_real": 12.0621, "orientation": 90, "azimuth_real": 0, "index": 0}, {"id": "1", "url": "", "xyz": [17.8633, 0, 90.77393660327479], "roll": 90.77393660327479, "time": "1621526213", "accel": {"x": -0.2739, "y": 9.3846, "z": 2.9633}, "floor": false, "pitch": 17.86325374816917, "azimuth": 0, "magnetic": {"x": 10.68, "y": -91.68, "z": -19.56}, "roll_real": 91.6718, "pitch_real": 17.5172, "orientation": 90, "azimuth_real": 0, "index": 2}], "userId": "3ef3cd1b-e437-4be4-be4d-67baad76f191", "visitId": "060a71c0-5a1d-49c0-bee0-c9fd670cde54", "settings": {"options": {"type": "9c6f289b-cdca-49e7-a1bc-e43ca710b0df"}}, "placeId": "6248c660-3fcd-425b-8cfe-e1bc0ca11089", "extension_data": {"place": {"address": "Q6PS38OYKKV7HC9F3GTU"}}}