{"guid": "019d512c-67ae-4950-9f1f-731ad9f0f749", "urls": [{"id": "0", "url": "", "xyz": [11.4753, 0, 89.33389995572313], "roll": 89.33389995572313, "time": "1621872113", "accel": {"x": 0.1494, "y": 9.6814, "z": 2.0691}, "floor": true, "pitch": 11.475326552114396, "azimuth": 0, "magnetic": {"x": 25.86, "y": -88.56, "z": -13.92}, "roll_real": 89.1159, "pitch_real": 12.0621, "orientation": 90, "azimuth_real": 0, "index": 0}, {"id": "1", "url": "", "xyz": [17.8633, 0, 90.77393660327479], "roll": 90.77393660327479, "time": "1621872233", "accel": {"x": -0.2739, "y": 9.3846, "z": 2.9633}, "floor": false, "pitch": 17.86325374816917, "azimuth": 0, "magnetic": {"x": 10.68, "y": -91.68, "z": -19.56}, "roll_real": 91.6718, "pitch_real": 17.5172, "orientation": 90, "azimuth_real": 0, "index": 2}], "userId": "26fcaa67-83d5-4f05-adf7-8582ef314d36", "visitId": "a3799207-ec34-48dd-b1d4-cd3084836de9", "settings": {"options": {"type": "38957b4f-e306-4d9a-a235-4b1836366247"}}, "placeId": "f52b0321-b396-4f0d-8439-a1165c77553b", "extension_data": {"place": {"address": "K6O43NGZAEOZ90UG31QL"}}}