{"guid": "db60cb30-3e9a-49da-b9a4-0113d249a519", "urls": [{"id": "0", "url": "", "xyz": [11.4753, 0, 89.33389995572313], "roll": 89.33389995572313, "time": "1622304233", "accel": {"x": 0.1494, "y": 9.6814, "z": 2.0691}, "floor": true, "pitch": 11.475326552114396, "azimuth": 0, "magnetic": {"x": 25.86, "y": -88.56, "z": -13.92}, "roll_real": 89.1159, "pitch_real": 12.0621, "orientation": 90, "azimuth_real": 0, "index": 0}, {"id": "1", "url": "", "xyz": [17.8633, 0, 90.77393660327479], "roll": 90.77393660327479, "time": "1622304293", "accel": {"x": -0.2739, "y": 9.3846, "z": 2.9633}, "floor": false, "pitch": 17.86325374816917, "azimuth": 0, "magnetic": {"x": 10.68, "y": -91.68, "z": -19.56}, "roll_real": 91.6718, "pitch_real": 17.5172, "orientation": 90, "azimuth_real": 0, "index": 2}], "userId": "89b812d9-9bfb-499c-a9d4-1307458ba7a8", "visitId": "e444bc2a-a76f-4c57-82fa-3f31f73d4339", "settings": {"options": {"type": "9c6f289b-cdca-49e7-a1bc-e43ca710b0df"}}, "placeId": "deb8c00a-bf37-4616-94d4-cdf5e2e16a94", "extension_data": {"place": {"address": "91POJSXNTCAYKBFWVIBN"}}}