{"guid": "745866a6-7e1f-40f4-a49b-1fba25c2d973", "urls": [{"id": "0", "url": "", "xyz": [11.4753, 0, 89.33389995572313], "roll": 89.33389995572313, "time": "1621958333", "accel": {"x": 0.1494, "y": 9.6814, "z": 2.0691}, "floor": true, "pitch": 11.475326552114396, "azimuth": 0, "magnetic": {"x": 25.86, "y": -88.56, "z": -13.92}, "roll_real": 89.1159, "pitch_real": 12.0621, "orientation": 90, "azimuth_real": 0, "index": 0}, {"id": "1", "url": "", "xyz": [17.8633, 0, 90.77393660327479], "roll": 90.77393660327479, "time": "1621958693", "accel": {"x": -0.2739, "y": 9.3846, "z": 2.9633}, "floor": false, "pitch": 17.86325374816917, "azimuth": 0, "magnetic": {"x": 10.68, "y": -91.68, "z": -19.56}, "roll_real": 91.6718, "pitch_real": 17.5172, "orientation": 90, "azimuth_real": 0, "index": 2}], "userId": "3ef3cd1b-e437-4be4-be4d-67baad76f191", "visitId": "55a1646c-a381-4280-ac0b-08b651e41826", "settings": {"options": {"type": "72489059-ee0b-4bd7-bd51-1442cd8da21d"}}, "placeId": "fdb28af2-6afd-41a9-b484-4bd50ba0feb3", "extension_data": {"place": {"address": "JQTKEYS4WN5TSS8QSDM9"}}}