{"guid": "a3437433-de31-44bf-9bba-9206fc906813", "urls": [{"id": "0", "url": "", "xyz": [11.4753, 0, 89.33389995572313], "roll": 89.33389995572313, "time": "1622044973", "accel": {"x": 0.1494, "y": 9.6814, "z": 2.0691}, "floor": true, "pitch": 11.475326552114396, "azimuth": 0, "magnetic": {"x": 25.86, "y": -88.56, "z": -13.92}, "roll_real": 89.1159, "pitch_real": 12.0621, "orientation": 90, "azimuth_real": 0, "index": 0}, {"id": "1", "url": "", "xyz": [17.8633, 0, 90.77393660327479], "roll": 90.77393660327479, "time": "1622045093", "accel": {"x": -0.2739, "y": 9.3846, "z": 2.9633}, "floor": false, "pitch": 17.86325374816917, "azimuth": 0, "magnetic": {"x": 10.68, "y": -91.68, "z": -19.56}, "roll_real": 91.6718, "pitch_real": 17.5172, "orientation": 90, "azimuth_real": 0, "index": 2}], "userId": "977d8969-fe05-411b-9dc8-21da2ce160c0", "visitId": "abfe4fe5-8e6d-4950-b6a1-caf2b99eae31", "settings": {"options": {"type": "d0483049-918f-4a5a-824a-fad3fbbdfb8d"}}, "placeId": "6aad2040-13c8-4f32-9e3e-4321294fc9e9", "extension_data": {"place": {"address": "FPNY6SV7X9EC1UZFRBXL"}}}