{"guid": "09f3a648-ed52-4d0b-ba92-4595b61131ed", "urls": [{"id": "0", "url": "", "xyz": [11.4753, 0, 89.33389995572313], "roll": 89.33389995572313, "time": "1622044553", "accel": {"x": 0.1494, "y": 9.6814, "z": 2.0691}, "floor": true, "pitch": 11.475326552114396, "azimuth": 0, "magnetic": {"x": 25.86, "y": -88.56, "z": -13.92}, "roll_real": 89.1159, "pitch_real": 12.0621, "orientation": 90, "azimuth_real": 0, "index": 0}, {"id": "1", "url": "", "xyz": [17.8633, 0, 90.77393660327479], "roll": 90.77393660327479, "time": "1622044613", "accel": {"x": -0.2739, "y": 9.3846, "z": 2.9633}, "floor": false, "pitch": 17.86325374816917, "azimuth": 0, "magnetic": {"x": 10.68, "y": -91.68, "z": -19.56}, "roll_real": 91.6718, "pitch_real": 17.5172, "orientation": 90, "azimuth_real": 0, "index": 2}], "userId": "f6ce503a-b223-4124-8078-747b5a22e2f7", "visitId": "8012f2ac-7c5a-40e6-87b3-a70bfa4b377d", "settings": {"options": {"type": "ce7fc565-156e-4cac-9fa7-d24708e8e874"}}, "placeId": "b4fbd170-75bb-4631-b2c6-51f6c1e1c20f", "extension_data": {"place": {"address": "U0PXBU7V1LLOI5XW2EXI"}}}