{"guid": "1a3701cb-a3e0-4f80-9d91-38d18213c727", "urls": [{"id": "0", "url": "", "xyz": [11.4753, 0, 89.33389995572313], "roll": 89.33389995572313, "time": "1622131013", "accel": {"x": 0.1494, "y": 9.6814, "z": 2.0691}, "floor": true, "pitch": 11.475326552114396, "azimuth": 0, "magnetic": {"x": 25.86, "y": -88.56, "z": -13.92}, "roll_real": 89.1159, "pitch_real": 12.0621, "orientation": 90, "azimuth_real": 0, "index": 0}, {"id": "1", "url": "", "xyz": [17.8633, 0, 90.77393660327479], "roll": 90.77393660327479, "time": "1622131433", "accel": {"x": -0.2739, "y": 9.3846, "z": 2.9633}, "floor": false, "pitch": 17.86325374816917, "azimuth": 0, "magnetic": {"x": 10.68, "y": -91.68, "z": -19.56}, "roll_real": 91.6718, "pitch_real": 17.5172, "orientation": 90, "azimuth_real": 0, "index": 2}], "userId": "26fcaa67-83d5-4f05-adf7-8582ef314d36", "visitId": "3524781e-285b-46cd-b8ea-02ac12367b7a", "settings": {"options": {"type": "905aad4e-22bb-4289-b144-0bd286b64e27"}}, "placeId": "9ae8512b-f218-432f-bde6-f04a9aae4d8b", "extension_data": {"place": {"address": "DKU0EXFOPNT96X3J7WWJ"}}}