{"guid": "785a7612-98e6-49c2-825d-87f664dc1334", "urls": [{"id": "0", "url": "", "xyz": [11.4753, 0, 89.33389995572313], "roll": 89.33389995572313, "time": "1622304233", "accel": {"x": 0.1494, "y": 9.6814, "z": 2.0691}, "floor": true, "pitch": 11.475326552114396, "azimuth": 0, "magnetic": {"x": 25.86, "y": -88.56, "z": -13.92}, "roll_real": 89.1159, "pitch_real": 12.0621, "orientation": 90, "azimuth_real": 0, "index": 0}, {"id": "1", "url": "", "xyz": [17.8633, 0, 90.77393660327479], "roll": 90.77393660327479, "time": "1622303933", "accel": {"x": -0.2739, "y": 9.3846, "z": 2.9633}, "floor": false, "pitch": 17.86325374816917, "azimuth": 0, "magnetic": {"x": 10.68, "y": -91.68, "z": -19.56}, "roll_real": 91.6718, "pitch_real": 17.5172, "orientation": 90, "azimuth_real": 0, "index": 2}], "userId": "26fcaa67-83d5-4f05-adf7-8582ef314d36", "visitId": "816d2844-cd0f-4ac2-9eb6-7a2c883dd557", "settings": {"options": {"type": "7a9ff740-8292-43c4-b1f1-9fe0dad1442d"}}, "placeId": "1b750321-1d4f-43f5-8df0-d352e8c2229f", "extension_data": {"place": {"address": "WTSBO56ILPDF2XLKZ57S"}}}