{"guid": "95b8c05a-77bb-47a8-ad92-f48261b53d73", "urls": [{"id": "0", "url": "", "xyz": [11.4753, 0, 89.33389995572313], "roll": 89.33389995572313, "time": "1621785833", "accel": {"x": 0.1494, "y": 9.6814, "z": 2.0691}, "floor": true, "pitch": 11.475326552114396, "azimuth": 0, "magnetic": {"x": 25.86, "y": -88.56, "z": -13.92}, "roll_real": 89.1159, "pitch_real": 12.0621, "orientation": 90, "azimuth_real": 0, "index": 0}, {"id": "1", "url": "", "xyz": [17.8633, 0, 90.77393660327479], "roll": 90.77393660327479, "time": "1621785533", "accel": {"x": -0.2739, "y": 9.3846, "z": 2.9633}, "floor": false, "pitch": 17.86325374816917, "azimuth": 0, "magnetic": {"x": 10.68, "y": -91.68, "z": -19.56}, "roll_real": 91.6718, "pitch_real": 17.5172, "orientation": 90, "azimuth_real": 0, "index": 2}], "userId": "f8448cd2-cd45-4b43-8852-2a223afeae3e", "visitId": "200605cd-06bf-46b0-a205-e4a544083191", "settings": {"options": {"type": "a1debb6d-0037-4e24-b2dd-5aca37cc1329"}}, "placeId": "6d5aa846-395c-4c52-b1a9-03a85245dd80", "extension_data": {"place": {"address": "J2Y55AKLQ9DCEBISF8X6"}}}