{"guid": "63d4d189-5d5c-4c6a-959a-bc05001976ae", "urls": [{"id": "0", "url": "", "xyz": [11.4753, 0, 89.33389995572313], "roll": 89.33389995572313, "time": "1622217473", "accel": {"x": 0.1494, "y": 9.6814, "z": 2.0691}, "floor": true, "pitch": 11.475326552114396, "azimuth": 0, "magnetic": {"x": 25.86, "y": -88.56, "z": -13.92}, "roll_real": 89.1159, "pitch_real": 12.0621, "orientation": 90, "azimuth_real": 0, "index": 0}, {"id": "1", "url": "", "xyz": [17.8633, 0, 90.77393660327479], "roll": 90.77393660327479, "time": "1622217833", "accel": {"x": -0.2739, "y": 9.3846, "z": 2.9633}, "floor": false, "pitch": 17.86325374816917, "azimuth": 0, "magnetic": {"x": 10.68, "y": -91.68, "z": -19.56}, "roll_real": 91.6718, "pitch_real": 17.5172, "orientation": 90, "azimuth_real": 0, "index": 2}], "userId": "5368376a-244c-46b9-8d3c-185c1cf1f802", "visitId": "028e9ba3-e282-4729-a237-20c1bf931fc7", "settings": {"options": {"type": "20a0d717-0aef-45bf-8979-04b79fe5b678"}}, "placeId": "135de5de-e98f-40b7-a5df-5eb2521e460b", "extension_data": {"place": {"address": "SG61JMCGO533W99AE6US"}}}