{"guid": "af8fe358-d825-4b50-96e9-189dc07354a0", "urls": [{"id": "0", "url": "", "xyz": [11.4753, 0, 89.33389995572313], "roll": 89.33389995572313, "time": "1622044673", "accel": {"x": 0.1494, "y": 9.6814, "z": 2.0691}, "floor": true, "pitch": 11.475326552114396, "azimuth": 0, "magnetic": {"x": 25.86, "y": -88.56, "z": -13.92}, "roll_real": 89.1159, "pitch_real": 12.0621, "orientation": 90, "azimuth_real": 0, "index": 0}, {"id": "1", "url": "", "xyz": [17.8633, 0, 90.77393660327479], "roll": 90.77393660327479, "time": "1622044793", "accel": {"x": -0.2739, "y": 9.3846, "z": 2.9633}, "floor": false, "pitch": 17.86325374816917, "azimuth": 0, "magnetic": {"x": 10.68, "y": -91.68, "z": -19.56}, "roll_real": 91.6718, "pitch_real": 17.5172, "orientation": 90, "azimuth_real": 0, "index": 2}], "userId": "290d05d3-5c55-4383-b99a-39364f2cddb3", "visitId": "8bcc40b7-32ab-4c89-bd95-b289f4b9ede5", "settings": {"options": {"type": "a5c74c58-9d5d-4be2-b05a-790c9c01372b"}}, "placeId": "369ca2e5-3d08-4594-8d07-2ae3a3ee5451", "extension_data": {"place": {"address": "8LQHXT0MO91YHZP48U3N"}}}