{"guid": "c5294235-60b6-4c2e-9014-cc171d4e3a58", "urls": [{"id": "0", "url": "", "xyz": [11.4753, 0, 89.33389995572313], "roll": 89.33389995572313, "time": "1621958273", "accel": {"x": 0.1494, "y": 9.6814, "z": 2.0691}, "floor": true, "pitch": 11.475326552114396, "azimuth": 0, "magnetic": {"x": 25.86, "y": -88.56, "z": -13.92}, "roll_real": 89.1159, "pitch_real": 12.0621, "orientation": 90, "azimuth_real": 0, "index": 0}, {"id": "1", "url": "", "xyz": [17.8633, 0, 90.77393660327479], "roll": 90.77393660327479, "time": "1621958633", "accel": {"x": -0.2739, "y": 9.3846, "z": 2.9633}, "floor": false, "pitch": 17.86325374816917, "azimuth": 0, "magnetic": {"x": 10.68, "y": -91.68, "z": -19.56}, "roll_real": 91.6718, "pitch_real": 17.5172, "orientation": 90, "azimuth_real": 0, "index": 2}], "userId": "5368376a-244c-46b9-8d3c-185c1cf1f802", "visitId": "c2c96dcc-cfa1-4899-9160-646ea1661a00", "settings": {"options": {"type": "12126503-b276-44b9-b663-cb71ef9310c0"}}, "placeId": "54033d87-7ae5-4e43-b0ae-062e5e24170c", "extension_data": {"place": {"address": "GTLOIJSH5KFW40LB5VH2"}}}