{"guid": "73758972-781d-491a-b35b-d731637dadac", "urls": [{"id": "0", "url": "", "xyz": [11.4753, 0, 89.33389995572313], "roll": 89.33389995572313, "time": "1621958573", "accel": {"x": 0.1494, "y": 9.6814, "z": 2.0691}, "floor": true, "pitch": 11.475326552114396, "azimuth": 0, "magnetic": {"x": 25.86, "y": -88.56, "z": -13.92}, "roll_real": 89.1159, "pitch_real": 12.0621, "orientation": 90, "azimuth_real": 0, "index": 0}, {"id": "1", "url": "", "xyz": [17.8633, 0, 90.77393660327479], "roll": 90.77393660327479, "time": "1621958393", "accel": {"x": -0.2739, "y": 9.3846, "z": 2.9633}, "floor": false, "pitch": 17.86325374816917, "azimuth": 0, "magnetic": {"x": 10.68, "y": -91.68, "z": -19.56}, "roll_real": 91.6718, "pitch_real": 17.5172, "orientation": 90, "azimuth_real": 0, "index": 2}], "userId": "977d8969-fe05-411b-9dc8-21da2ce160c0", "visitId": "19ac5673-1490-4d05-9a79-3a0a001859cc", "settings": {"options": {"type": "0fac0cbb-a862-4951-9b18-bcde1768c6fc"}}, "placeId": "07b12a6e-a813-4506-885b-c115bbccf89d", "extension_data": {"place": {"address": "RSUFIAXMK51MKEZHAZV9"}}}