{"guid": "b2592652-556a-4c00-bd52-729da28b71f3", "urls": [{"id": "0", "url": "", "xyz": [11.4753, 0, 89.33389995572313], "roll": 89.33389995572313, "time": "1621958213", "accel": {"x": 0.1494, "y": 9.6814, "z": 2.0691}, "floor": true, "pitch": 11.475326552114396, "azimuth": 0, "magnetic": {"x": 25.86, "y": -88.56, "z": -13.92}, "roll_real": 89.1159, "pitch_real": 12.0621, "orientation": 90, "azimuth_real": 0, "index": 0}, {"id": "1", "url": "", "xyz": [17.8633, 0, 90.77393660327479], "roll": 90.77393660327479, "time": "1621958633", "accel": {"x": -0.2739, "y": 9.3846, "z": 2.9633}, "floor": false, "pitch": 17.86325374816917, "azimuth": 0, "magnetic": {"x": 10.68, "y": -91.68, "z": -19.56}, "roll_real": 91.6718, "pitch_real": 17.5172, "orientation": 90, "azimuth_real": 0, "index": 2}], "userId": "5368376a-244c-46b9-8d3c-185c1cf1f802", "visitId": "ccda72b2-6351-4a15-9900-e7f896072f9c", "settings": {"options": {"type": "6b5745b4-5cef-4cc6-8c5b-278def0e27a7"}}, "placeId": "8d09a8b7-c1d0-4f0b-90ca-de06031f3c40", "extension_data": {"place": {"address": "IRZEL7VXU5EKI8F9PXJV"}}}