{"guid": "0e74d683-603b-4ac0-8206-d6957f349937", "urls": [{"id": "0", "url": "", "xyz": [11.4753, 0, 89.33389995572313], "roll": 89.33389995572313, "time": "1622304173", "accel": {"x": 0.1494, "y": 9.6814, "z": 2.0691}, "floor": true, "pitch": 11.475326552114396, "azimuth": 0, "magnetic": {"x": 25.86, "y": -88.56, "z": -13.92}, "roll_real": 89.1159, "pitch_real": 12.0621, "orientation": 90, "azimuth_real": 0, "index": 0}, {"id": "1", "url": "", "xyz": [17.8633, 0, 90.77393660327479], "roll": 90.77393660327479, "time": "1622303933", "accel": {"x": -0.2739, "y": 9.3846, "z": 2.9633}, "floor": false, "pitch": 17.86325374816917, "azimuth": 0, "magnetic": {"x": 10.68, "y": -91.68, "z": -19.56}, "roll_real": 91.6718, "pitch_real": 17.5172, "orientation": 90, "azimuth_real": 0, "index": 2}], "userId": "290d05d3-5c55-4383-b99a-39364f2cddb3", "visitId": "45778cb4-0104-4304-a432-81842b62226a", "settings": {"options": {"type": "20a0d717-0aef-45bf-8979-04b79fe5b678"}}, "placeId": "e2178b97-0734-4abb-97a9-08709038bdad", "extension_data": {"place": {"address": "4CNUJRO4ZJVMGS8B7PHU"}}}