{"guid": "f5b7a577-b5c4-4c09-be8f-65a978741411", "urls": [{"id": "0", "url": "", "xyz": [11.4753, 0, 89.33389995572313], "roll": 89.33389995572313, "time": "1622044613", "accel": {"x": 0.1494, "y": 9.6814, "z": 2.0691}, "floor": true, "pitch": 11.475326552114396, "azimuth": 0, "magnetic": {"x": 25.86, "y": -88.56, "z": -13.92}, "roll_real": 89.1159, "pitch_real": 12.0621, "orientation": 90, "azimuth_real": 0, "index": 0}, {"id": "1", "url": "", "xyz": [17.8633, 0, 90.77393660327479], "roll": 90.77393660327479, "time": "1622044733", "accel": {"x": -0.2739, "y": 9.3846, "z": 2.9633}, "floor": false, "pitch": 17.86325374816917, "azimuth": 0, "magnetic": {"x": 10.68, "y": -91.68, "z": -19.56}, "roll_real": 91.6718, "pitch_real": 17.5172, "orientation": 90, "azimuth_real": 0, "index": 2}], "userId": "26fcaa67-83d5-4f05-adf7-8582ef314d36", "visitId": "8daa9501-d726-4de1-b291-7531d5dcbfac", "settings": {"options": {"type": "a1debb6d-0037-4e24-b2dd-5aca37cc1329"}}, "placeId": "1c7d4cf1-ee5f-4ad1-87b0-d278348a4504", "extension_data": {"place": {"address": "7AT5ZVN0FGZ0O2RG9I5T"}}}