{"guid": "8f4c99a5-ec03-4e6f-8fd0-be2a7d0eb5f5", "urls": [{"id": "0", "url": "", "xyz": [11.4753, 0, 89.33389995572313], "roll": 89.33389995572313, "time": "1621699073", "accel": {"x": 0.1494, "y": 9.6814, "z": 2.0691}, "floor": true, "pitch": 11.475326552114396, "azimuth": 0, "magnetic": {"x": 25.86, "y": -88.56, "z": -13.92}, "roll_real": 89.1159, "pitch_real": 12.0621, "orientation": 90, "azimuth_real": 0, "index": 0}, {"id": "1", "url": "", "xyz": [17.8633, 0, 90.77393660327479], "roll": 90.77393660327479, "time": "1621699373", "accel": {"x": -0.2739, "y": 9.3846, "z": 2.9633}, "floor": false, "pitch": 17.86325374816917, "azimuth": 0, "magnetic": {"x": 10.68, "y": -91.68, "z": -19.56}, "roll_real": 91.6718, "pitch_real": 17.5172, "orientation": 90, "azimuth_real": 0, "index": 2}], "userId": "f8448cd2-cd45-4b43-8852-2a223afeae3e", "visitId": "e8221069-d620-4cbd-a886-7eae4f975494", "settings": {"options": {"type": "13fb1044-9d61-4438-baa8-1a1e1f8bffac"}}, "placeId": "5bc248c1-f770-4b68-afcc-5dae9e14bca4", "extension_data": {"place": {"address": "3B1KXCKSZAD826QZZB7Q"}}}