{"guid": "d567f1f0-04ef-414b-8328-a36327099850", "urls": [{"id": "0", "url": "", "xyz": [11.4753, 0, 89.33389995572313], "roll": 89.33389995572313, "time": "1621785893", "accel": {"x": 0.1494, "y": 9.6814, "z": 2.0691}, "floor": true, "pitch": 11.475326552114396, "azimuth": 0, "magnetic": {"x": 25.86, "y": -88.56, "z": -13.92}, "roll_real": 89.1159, "pitch_real": 12.0621, "orientation": 90, "azimuth_real": 0, "index": 0}, {"id": "1", "url": "", "xyz": [17.8633, 0, 90.77393660327479], "roll": 90.77393660327479, "time": "1621785353", "accel": {"x": -0.2739, "y": 9.3846, "z": 2.9633}, "floor": false, "pitch": 17.86325374816917, "azimuth": 0, "magnetic": {"x": 10.68, "y": -91.68, "z": -19.56}, "roll_real": 91.6718, "pitch_real": 17.5172, "orientation": 90, "azimuth_real": 0, "index": 2}], "userId": "8ae82601-779f-4fef-a47f-15afaf660692", "visitId": "060a71c0-5a1d-49c0-bee0-c9fd670cde54", "settings": {"options": {"type": "195beabe-ff4d-4d36-b8af-f4b5e61f9cdb"}}, "placeId": "6248c660-3fcd-425b-8cfe-e1bc0ca11089", "extension_data": {"place": {"address": "Q6PS38OYKKV7HC9F3GTU"}}}