{"guid": "1b146a5e-3a19-4ed3-83ee-4bf4f1fcca9e", "urls": [{"id": "0", "url": "", "xyz": [11.4753, 0, 89.33389995572313], "roll": 89.33389995572313, "time": "1621872233", "accel": {"x": 0.1494, "y": 9.6814, "z": 2.0691}, "floor": true, "pitch": 11.475326552114396, "azimuth": 0, "magnetic": {"x": 25.86, "y": -88.56, "z": -13.92}, "roll_real": 89.1159, "pitch_real": 12.0621, "orientation": 90, "azimuth_real": 0, "index": 0}, {"id": "1", "url": "", "xyz": [17.8633, 0, 90.77393660327479], "roll": 90.77393660327479, "time": "1621872293", "accel": {"x": -0.2739, "y": 9.3846, "z": 2.9633}, "floor": false, "pitch": 17.86325374816917, "azimuth": 0, "magnetic": {"x": 10.68, "y": -91.68, "z": -19.56}, "roll_real": 91.6718, "pitch_real": 17.5172, "orientation": 90, "azimuth_real": 0, "index": 2}], "userId": "5368376a-244c-46b9-8d3c-185c1cf1f802", "visitId": "dbcc3014-168f-4d83-bb90-650712053887", "settings": {"options": {"type": "12126503-b276-44b9-b663-cb71ef9310c0"}}, "placeId": "4b54c9a5-ea2e-4d2f-89ed-05174e0c169c", "extension_data": {"place": {"address": "IZGQ78D3PWC0OTW6VRB8"}}}