{"guid": "3b8ba89e-de7e-4de7-b12a-54a6cbc99d78", "urls": [{"id": "0", "url": "", "xyz": [11.4753, 0, 89.33389995572313], "roll": 89.33389995572313, "time": "1622217473", "accel": {"x": 0.1494, "y": 9.6814, "z": 2.0691}, "floor": true, "pitch": 11.475326552114396, "azimuth": 0, "magnetic": {"x": 25.86, "y": -88.56, "z": -13.92}, "roll_real": 89.1159, "pitch_real": 12.0621, "orientation": 90, "azimuth_real": 0, "index": 0}, {"id": "1", "url": "", "xyz": [17.8633, 0, 90.77393660327479], "roll": 90.77393660327479, "time": "1622217593", "accel": {"x": -0.2739, "y": 9.3846, "z": 2.9633}, "floor": false, "pitch": 17.86325374816917, "azimuth": 0, "magnetic": {"x": 10.68, "y": -91.68, "z": -19.56}, "roll_real": 91.6718, "pitch_real": 17.5172, "orientation": 90, "azimuth_real": 0, "index": 2}], "userId": "290d05d3-5c55-4383-b99a-39364f2cddb3", "visitId": "2820510a-dff7-4c03-81a6-fa6b2be38f9a", "settings": {"options": {"type": "26f64548-eff7-4f03-a837-22daa751ec5e"}}, "placeId": "e7c2d4dc-ccd9-4dc7-88b1-eafeddd145a9", "extension_data": {"place": {"address": "T8SQRA6OP42NZ41J5TKM"}}}