{"guid": "79a4f8a7-d330-465a-a489-0a5354b175ba", "urls": [{"id": "0", "url": "", "xyz": [11.4753, 0, 89.33389995572313], "roll": 89.33389995572313, "time": "1622217893", "accel": {"x": 0.1494, "y": 9.6814, "z": 2.0691}, "floor": true, "pitch": 11.475326552114396, "azimuth": 0, "magnetic": {"x": 25.86, "y": -88.56, "z": -13.92}, "roll_real": 89.1159, "pitch_real": 12.0621, "orientation": 90, "azimuth_real": 0, "index": 0}, {"id": "1", "url": "", "xyz": [17.8633, 0, 90.77393660327479], "roll": 90.77393660327479, "time": "1622217413", "accel": {"x": -0.2739, "y": 9.3846, "z": 2.9633}, "floor": false, "pitch": 17.86325374816917, "azimuth": 0, "magnetic": {"x": 10.68, "y": -91.68, "z": -19.56}, "roll_real": 91.6718, "pitch_real": 17.5172, "orientation": 90, "azimuth_real": 0, "index": 2}], "userId": "9e3d89c9-da99-4562-b085-c56a279379fe", "visitId": "19ac5673-1490-4d05-9a79-3a0a001859cc", "settings": {"options": {"type": "2b4ba616-41a6-4c9c-9e33-d1c82b58a48a"}}, "placeId": "07b12a6e-a813-4506-885b-c115bbccf89d", "extension_data": {"place": {"address": "RSUFIAXMK51MKEZHAZV9"}}}