{"guid": "20dea389-3aea-4790-8810-87698e340cf5", "urls": [{"id": "0", "url": "", "xyz": [11.4753, 0, 89.33389995572313], "roll": 89.33389995572313, "time": "1621785413", "accel": {"x": 0.1494, "y": 9.6814, "z": 2.0691}, "floor": true, "pitch": 11.475326552114396, "azimuth": 0, "magnetic": {"x": 25.86, "y": -88.56, "z": -13.92}, "roll_real": 89.1159, "pitch_real": 12.0621, "orientation": 90, "azimuth_real": 0, "index": 0}, {"id": "1", "url": "", "xyz": [17.8633, 0, 90.77393660327479], "roll": 90.77393660327479, "time": "1621785833", "accel": {"x": -0.2739, "y": 9.3846, "z": 2.9633}, "floor": false, "pitch": 17.86325374816917, "azimuth": 0, "magnetic": {"x": 10.68, "y": -91.68, "z": -19.56}, "roll_real": 91.6718, "pitch_real": 17.5172, "orientation": 90, "azimuth_real": 0, "index": 2}], "userId": "f6ce503a-b223-4124-8078-747b5a22e2f7", "visitId": "1523ed6d-62b5-4ec9-8fb7-b81ca79f6dee", "settings": {"options": {"type": "905aad4e-22bb-4289-b144-0bd286b64e27"}}, "placeId": "74f66fef-b50c-422d-a2d5-8dbde11b50a0", "extension_data": {"place": {"address": "41WTDQWPYEHHA1L72AU1"}}}