{"guid": "cf1e22b2-f29b-4952-ac76-76f341306fd7", "urls": [{"id": "0", "url": "", "xyz": [11.4753, 0, 89.33389995572313], "roll": 89.33389995572313, "time": "1622044733", "accel": {"x": 0.1494, "y": 9.6814, "z": 2.0691}, "floor": true, "pitch": 11.475326552114396, "azimuth": 0, "magnetic": {"x": 25.86, "y": -88.56, "z": -13.92}, "roll_real": 89.1159, "pitch_real": 12.0621, "orientation": 90, "azimuth_real": 0, "index": 0}, {"id": "1", "url": "", "xyz": [17.8633, 0, 90.77393660327479], "roll": 90.77393660327479, "time": "1622044673", "accel": {"x": -0.2739, "y": 9.3846, "z": 2.9633}, "floor": false, "pitch": 17.86325374816917, "azimuth": 0, "magnetic": {"x": 10.68, "y": -91.68, "z": -19.56}, "roll_real": 91.6718, "pitch_real": 17.5172, "orientation": 90, "azimuth_real": 0, "index": 2}], "userId": "f5aabe67-28f9-4107-9ebf-a34c0efe8f64", "visitId": "9f653d10-4a38-4d13-a71b-8b483ee7a7e1", "settings": {"options": {"type": "195beabe-ff4d-4d36-b8af-f4b5e61f9cdb"}}, "placeId": "1c0fc4ba-aaf3-4958-b2b8-416c7c379ced", "extension_data": {"place": {"address": "6K4C1F8RUXCYH4CH5VMR"}}}