{"guid": "c9b73fb0-4051-4413-bea5-1edf13d88295", "urls": [{"id": "0", "url": "", "xyz": [11.4753, 0, 89.33389995572313], "roll": 89.33389995572313, "time": "1621785473", "accel": {"x": 0.1494, "y": 9.6814, "z": 2.0691}, "floor": true, "pitch": 11.475326552114396, "azimuth": 0, "magnetic": {"x": 25.86, "y": -88.56, "z": -13.92}, "roll_real": 89.1159, "pitch_real": 12.0621, "orientation": 90, "azimuth_real": 0, "index": 0}, {"id": "1", "url": "", "xyz": [17.8633, 0, 90.77393660327479], "roll": 90.77393660327479, "time": "1621785833", "accel": {"x": -0.2739, "y": 9.3846, "z": 2.9633}, "floor": false, "pitch": 17.86325374816917, "azimuth": 0, "magnetic": {"x": 10.68, "y": -91.68, "z": -19.56}, "roll_real": 91.6718, "pitch_real": 17.5172, "orientation": 90, "azimuth_real": 0, "index": 2}], "userId": "036f5a0b-551f-4247-a611-28e6d6666d27", "visitId": "45778cb4-0104-4304-a432-81842b62226a", "settings": {"options": {"type": "a5c74c58-9d5d-4be2-b05a-790c9c01372b"}}, "placeId": "e2178b97-0734-4abb-97a9-08709038bdad", "extension_data": {"place": {"address": "4CNUJRO4ZJVMGS8B7PHU"}}}