{"guid": "d5ae6db8-c4e3-4a52-a375-159bd12d3b08", "urls": [{"id": "0", "url": "", "xyz": [11.4753, 0, 89.33389995572313], "roll": 89.33389995572313, "time": "1622044673", "accel": {"x": 0.1494, "y": 9.6814, "z": 2.0691}, "floor": true, "pitch": 11.475326552114396, "azimuth": 0, "magnetic": {"x": 25.86, "y": -88.56, "z": -13.92}, "roll_real": 89.1159, "pitch_real": 12.0621, "orientation": 90, "azimuth_real": 0, "index": 0}, {"id": "1", "url": "", "xyz": [17.8633, 0, 90.77393660327479], "roll": 90.77393660327479, "time": "1622044673", "accel": {"x": -0.2739, "y": 9.3846, "z": 2.9633}, "floor": false, "pitch": 17.86325374816917, "azimuth": 0, "magnetic": {"x": 10.68, "y": -91.68, "z": -19.56}, "roll_real": 91.6718, "pitch_real": 17.5172, "orientation": 90, "azimuth_real": 0, "index": 2}], "userId": "5fda6ac1-e13e-4538-8e52-03a5d22a4a1d", "visitId": "15b442a8-402d-4e6d-a2f0-e81266ccefd1", "settings": {"options": {"type": "73096b3e-7063-47e5-a29c-3ca5a0e6d916"}}, "placeId": "9f0f4f21-c3ed-461c-aa42-d242d6c5d568", "extension_data": {"place": {"address": "J01IUW1QRB98QYPGUD0F"}}}