{"guid": "e3cfda2f-9be5-4c93-99e3-613dc59ee720", "urls": [{"id": "0", "url": "", "xyz": [11.4753, 0, 89.33389995572313], "roll": 89.33389995572313, "time": "1621872113", "accel": {"x": 0.1494, "y": 9.6814, "z": 2.0691}, "floor": true, "pitch": 11.475326552114396, "azimuth": 0, "magnetic": {"x": 25.86, "y": -88.56, "z": -13.92}, "roll_real": 89.1159, "pitch_real": 12.0621, "orientation": 90, "azimuth_real": 0, "index": 0}, {"id": "1", "url": "", "xyz": [17.8633, 0, 90.77393660327479], "roll": 90.77393660327479, "time": "1621872053", "accel": {"x": -0.2739, "y": 9.3846, "z": 2.9633}, "floor": false, "pitch": 17.86325374816917, "azimuth": 0, "magnetic": {"x": 10.68, "y": -91.68, "z": -19.56}, "roll_real": 91.6718, "pitch_real": 17.5172, "orientation": 90, "azimuth_real": 0, "index": 2}], "userId": "55f065e2-2b96-488b-8bd3-61267a478d29", "visitId": "8012f2ac-7c5a-40e6-87b3-a70bfa4b377d", "settings": {"options": {"type": "585edf21-0e24-4abc-b59e-7df264332850"}}, "placeId": "b4fbd170-75bb-4631-b2c6-51f6c1e1c20f", "extension_data": {"place": {"address": "U0PXBU7V1LLOI5XW2EXI"}}}