{"guid": "874a81b8-9615-4b7b-8a2f-012cdfec8d78", "urls": [{"id": "0", "url": "", "xyz": [11.4753, 0, 89.33389995572313], "roll": 89.33389995572313, "time": "1621612553", "accel": {"x": 0.1494, "y": 9.6814, "z": 2.0691}, "floor": true, "pitch": 11.475326552114396, "azimuth": 0, "magnetic": {"x": 25.86, "y": -88.56, "z": -13.92}, "roll_real": 89.1159, "pitch_real": 12.0621, "orientation": 90, "azimuth_real": 0, "index": 0}, {"id": "1", "url": "", "xyz": [17.8633, 0, 90.77393660327479], "roll": 90.77393660327479, "time": "1621612793", "accel": {"x": -0.2739, "y": 9.3846, "z": 2.9633}, "floor": false, "pitch": 17.86325374816917, "azimuth": 0, "magnetic": {"x": 10.68, "y": -91.68, "z": -19.56}, "roll_real": 91.6718, "pitch_real": 17.5172, "orientation": 90, "azimuth_real": 0, "index": 2}], "userId": "f8448cd2-cd45-4b43-8852-2a223afeae3e", "visitId": "19cc98bd-93e9-415a-abb9-20ce5adc8168", "settings": {"options": {"type": "a5c74c58-9d5d-4be2-b05a-790c9c01372b"}}, "placeId": "33ead03e-0536-4d46-8e18-a8fac02dcfd7", "extension_data": {"place": {"address": "REMB1ZIDOOWUEWJ1BV1J"}}}