{"guid": "ca413b60-1cc7-44a1-8545-a1489a9e87fd", "urls": [{"id": "0", "url": "", "xyz": [11.4753, 0, 89.33389995572313], "roll": 89.33389995572313, "time": "1621871753", "accel": {"x": 0.1494, "y": 9.6814, "z": 2.0691}, "floor": true, "pitch": 11.475326552114396, "azimuth": 0, "magnetic": {"x": 25.86, "y": -88.56, "z": -13.92}, "roll_real": 89.1159, "pitch_real": 12.0621, "orientation": 90, "azimuth_real": 0, "index": 0}, {"id": "1", "url": "", "xyz": [17.8633, 0, 90.77393660327479], "roll": 90.77393660327479, "time": "1621871873", "accel": {"x": -0.2739, "y": 9.3846, "z": 2.9633}, "floor": false, "pitch": 17.86325374816917, "azimuth": 0, "magnetic": {"x": 10.68, "y": -91.68, "z": -19.56}, "roll_real": 91.6718, "pitch_real": 17.5172, "orientation": 90, "azimuth_real": 0, "index": 2}], "userId": "d97f6e65-75a6-41b1-842b-78c2da6ce660", "visitId": "3524781e-285b-46cd-b8ea-02ac12367b7a", "settings": {"options": {"type": "38271c2b-a066-49b7-8aad-de63b3418eef"}}, "placeId": "9ae8512b-f218-432f-bde6-f04a9aae4d8b", "extension_data": {"place": {"address": "DKU0EXFOPNT96X3J7WWJ"}}}