{"guid": "7d72ca07-34fd-4de4-b62a-b62cc984d503", "urls": [{"id": "0", "url": "", "xyz": [11.4753, 0, 89.33389995572313], "roll": 89.33389995572313, "time": "1622304233", "accel": {"x": 0.1494, "y": 9.6814, "z": 2.0691}, "floor": true, "pitch": 11.475326552114396, "azimuth": 0, "magnetic": {"x": 25.86, "y": -88.56, "z": -13.92}, "roll_real": 89.1159, "pitch_real": 12.0621, "orientation": 90, "azimuth_real": 0, "index": 0}, {"id": "1", "url": "", "xyz": [17.8633, 0, 90.77393660327479], "roll": 90.77393660327479, "time": "1622303993", "accel": {"x": -0.2739, "y": 9.3846, "z": 2.9633}, "floor": false, "pitch": 17.86325374816917, "azimuth": 0, "magnetic": {"x": 10.68, "y": -91.68, "z": -19.56}, "roll_real": 91.6718, "pitch_real": 17.5172, "orientation": 90, "azimuth_real": 0, "index": 2}], "userId": "290d05d3-5c55-4383-b99a-39364f2cddb3", "visitId": "f3ed0594-242b-4e50-9ded-5eff5177c25f", "settings": {"options": {"type": "27c8643e-ad09-43b3-a18c-9cc80c9f1637"}}, "placeId": "d1eb2d3e-49dd-407b-abd4-e0cf0b6fa921", "extension_data": {"place": {"address": "Q1TM3XZFUKQ49B8XU647"}}}