{"guid": "78cd22e8-04e7-4d68-b3a5-98d2d906d49e", "urls": [{"id": "0", "url": "", "xyz": [11.4753, 0, 89.33389995572313], "roll": 89.33389995572313, "time": "1621958693", "accel": {"x": 0.1494, "y": 9.6814, "z": 2.0691}, "floor": true, "pitch": 11.475326552114396, "azimuth": 0, "magnetic": {"x": 25.86, "y": -88.56, "z": -13.92}, "roll_real": 89.1159, "pitch_real": 12.0621, "orientation": 90, "azimuth_real": 0, "index": 0}, {"id": "1", "url": "", "xyz": [17.8633, 0, 90.77393660327479], "roll": 90.77393660327479, "time": "1621958273", "accel": {"x": -0.2739, "y": 9.3846, "z": 2.9633}, "floor": false, "pitch": 17.86325374816917, "azimuth": 0, "magnetic": {"x": 10.68, "y": -91.68, "z": -19.56}, "roll_real": 91.6718, "pitch_real": 17.5172, "orientation": 90, "azimuth_real": 0, "index": 2}], "userId": "55f065e2-2b96-488b-8bd3-61267a478d29", "visitId": "1523ed6d-62b5-4ec9-8fb7-b81ca79f6dee", "settings": {"options": {"type": "195beabe-ff4d-4d36-b8af-f4b5e61f9cdb"}}, "placeId": "74f66fef-b50c-422d-a2d5-8dbde11b50a0", "extension_data": {"place": {"address": "41WTDQWPYEHHA1L72AU1"}}}