{"guid": "bebbe083-632f-44df-aed3-81d5a65711b9", "urls": [{"id": "0", "url": "", "xyz": [11.4753, 0, 89.33389995572313], "roll": 89.33389995572313, "time": "1622217413", "accel": {"x": 0.1494, "y": 9.6814, "z": 2.0691}, "floor": true, "pitch": 11.475326552114396, "azimuth": 0, "magnetic": {"x": 25.86, "y": -88.56, "z": -13.92}, "roll_real": 89.1159, "pitch_real": 12.0621, "orientation": 90, "azimuth_real": 0, "index": 0}, {"id": "1", "url": "", "xyz": [17.8633, 0, 90.77393660327479], "roll": 90.77393660327479, "time": "1622217473", "accel": {"x": -0.2739, "y": 9.3846, "z": 2.9633}, "floor": false, "pitch": 17.86325374816917, "azimuth": 0, "magnetic": {"x": 10.68, "y": -91.68, "z": -19.56}, "roll_real": 91.6718, "pitch_real": 17.5172, "orientation": 90, "azimuth_real": 0, "index": 2}], "userId": "9e3d89c9-da99-4562-b085-c56a279379fe", "visitId": "7910b1bf-08ef-4c30-9551-67284a58e243", "settings": {"options": {"type": "27c8643e-ad09-43b3-a18c-9cc80c9f1637"}}, "placeId": "dcd18221-f064-4017-a54d-52eef379f939", "extension_data": {"place": {"address": "UFJG4CS2DPCT3KR057LT"}}}