{"guid": "b22057c0-8ba8-4f3b-84f4-0bb47b9d946a", "urls": [{"id": "0", "url": "", "xyz": [11.4753, 0, 89.33389995572313], "roll": 89.33389995572313, "time": "1622045033", "accel": {"x": 0.1494, "y": 9.6814, "z": 2.0691}, "floor": true, "pitch": 11.475326552114396, "azimuth": 0, "magnetic": {"x": 25.86, "y": -88.56, "z": -13.92}, "roll_real": 89.1159, "pitch_real": 12.0621, "orientation": 90, "azimuth_real": 0, "index": 0}, {"id": "1", "url": "", "xyz": [17.8633, 0, 90.77393660327479], "roll": 90.77393660327479, "time": "1622044613", "accel": {"x": -0.2739, "y": 9.3846, "z": 2.9633}, "floor": false, "pitch": 17.86325374816917, "azimuth": 0, "magnetic": {"x": 10.68, "y": -91.68, "z": -19.56}, "roll_real": 91.6718, "pitch_real": 17.5172, "orientation": 90, "azimuth_real": 0, "index": 2}], "userId": "3a12aba3-a373-4bff-8da2-78204090fc96", "visitId": "0e5e8b76-7a1b-41f7-81ec-2ec1f2467102", "settings": {"options": {"type": "5dabd1c4-35f1-4b78-b549-d887aabf3e8b"}}, "placeId": "fb421962-d29b-45c1-8d5a-d17fdf9f0081", "extension_data": {"place": {"address": "8W4KVFBIIRVVQ4790RRG"}}}