{"guid": "141931eb-c16a-4a11-a3e7-5db1e1f4e34e", "urls": [{"id": "0", "url": "", "xyz": [11.4753, 0, 89.33389995572313], "roll": 89.33389995572313, "time": "1621526333", "accel": {"x": 0.1494, "y": 9.6814, "z": 2.0691}, "floor": true, "pitch": 11.475326552114396, "azimuth": 0, "magnetic": {"x": 25.86, "y": -88.56, "z": -13.92}, "roll_real": 89.1159, "pitch_real": 12.0621, "orientation": 90, "azimuth_real": 0, "index": 0}, {"id": "1", "url": "", "xyz": [17.8633, 0, 90.77393660327479], "roll": 90.77393660327479, "time": "1621526453", "accel": {"x": -0.2739, "y": 9.3846, "z": 2.9633}, "floor": false, "pitch": 17.86325374816917, "azimuth": 0, "magnetic": {"x": 10.68, "y": -91.68, "z": -19.56}, "roll_real": 91.6718, "pitch_real": 17.5172, "orientation": 90, "azimuth_real": 0, "index": 2}], "userId": "3ef3cd1b-e437-4be4-be4d-67baad76f191", "visitId": "9a24a668-ded9-4438-8d22-217a6edd3d59", "settings": {"options": {"type": "3332868d-012b-4140-ab3a-09029cd0ed33"}}, "placeId": "540fc6ea-5519-4db0-b306-6b1e43f18002", "extension_data": {"place": {"address": "5GGKR1UEHF62651EG78H"}}}