{"guid": "2053a49c-6864-4c83-a85c-c94e3c997f0f", "urls": [{"id": "0", "url": "", "xyz": [11.4753, 0, 89.33389995572313], "roll": 89.33389995572313, "time": "1621785833", "accel": {"x": 0.1494, "y": 9.6814, "z": 2.0691}, "floor": true, "pitch": 11.475326552114396, "azimuth": 0, "magnetic": {"x": 25.86, "y": -88.56, "z": -13.92}, "roll_real": 89.1159, "pitch_real": 12.0621, "orientation": 90, "azimuth_real": 0, "index": 0}, {"id": "1", "url": "", "xyz": [17.8633, 0, 90.77393660327479], "roll": 90.77393660327479, "time": "1621785533", "accel": {"x": -0.2739, "y": 9.3846, "z": 2.9633}, "floor": false, "pitch": 17.86325374816917, "azimuth": 0, "magnetic": {"x": 10.68, "y": -91.68, "z": -19.56}, "roll_real": 91.6718, "pitch_real": 17.5172, "orientation": 90, "azimuth_real": 0, "index": 2}], "userId": "036f5a0b-551f-4247-a611-28e6d6666d27", "visitId": "8bcc40b7-32ab-4c89-bd95-b289f4b9ede5", "settings": {"options": {"type": "99295a47-2769-4edd-b590-35ff82edd915"}}, "placeId": "369ca2e5-3d08-4594-8d07-2ae3a3ee5451", "extension_data": {"place": {"address": "8LQHXT0MO91YHZP48U3N"}}}