{"guid": "7ae86195-ecac-46c3-81d5-a9e59f689293", "urls": [{"id": "0", "url": "", "xyz": [11.4753, 0, 89.33389995572313], "roll": 89.33389995572313, "time": "1621612973", "accel": {"x": 0.1494, "y": 9.6814, "z": 2.0691}, "floor": true, "pitch": 11.475326552114396, "azimuth": 0, "magnetic": {"x": 25.86, "y": -88.56, "z": -13.92}, "roll_real": 89.1159, "pitch_real": 12.0621, "orientation": 90, "azimuth_real": 0, "index": 0}, {"id": "1", "url": "", "xyz": [17.8633, 0, 90.77393660327479], "roll": 90.77393660327479, "time": "1621612853", "accel": {"x": -0.2739, "y": 9.3846, "z": 2.9633}, "floor": false, "pitch": 17.86325374816917, "azimuth": 0, "magnetic": {"x": 10.68, "y": -91.68, "z": -19.56}, "roll_real": 91.6718, "pitch_real": 17.5172, "orientation": 90, "azimuth_real": 0, "index": 2}], "userId": "e21e3a8b-1d52-4cd1-a105-de46271e9ac9", "visitId": "19cc98bd-93e9-415a-abb9-20ce5adc8168", "settings": {"options": {"type": "d0483049-918f-4a5a-824a-fad3fbbdfb8d"}}, "placeId": "33ead03e-0536-4d46-8e18-a8fac02dcfd7", "extension_data": {"place": {"address": "REMB1ZIDOOWUEWJ1BV1J"}}}