{"guid": "c9b73aaf-94f3-4108-a518-623de0ca7f46", "urls": [{"id": "0", "url": "", "xyz": [11.4753, 0, 89.33389995572313], "roll": 89.33389995572313, "time": "1621958273", "accel": {"x": 0.1494, "y": 9.6814, "z": 2.0691}, "floor": true, "pitch": 11.475326552114396, "azimuth": 0, "magnetic": {"x": 25.86, "y": -88.56, "z": -13.92}, "roll_real": 89.1159, "pitch_real": 12.0621, "orientation": 90, "azimuth_real": 0, "index": 0}, {"id": "1", "url": "", "xyz": [17.8633, 0, 90.77393660327479], "roll": 90.77393660327479, "time": "1621958213", "accel": {"x": -0.2739, "y": 9.3846, "z": 2.9633}, "floor": false, "pitch": 17.86325374816917, "azimuth": 0, "magnetic": {"x": 10.68, "y": -91.68, "z": -19.56}, "roll_real": 91.6718, "pitch_real": 17.5172, "orientation": 90, "azimuth_real": 0, "index": 2}], "userId": "3ef3cd1b-e437-4be4-be4d-67baad76f191", "visitId": "9ea6120f-de0e-4c4e-b126-dadd020d3f90", "settings": {"options": {"type": "d0483049-918f-4a5a-824a-fad3fbbdfb8d"}}, "placeId": "79692681-805f-489b-92d7-4f250cd8d3c6", "extension_data": {"place": {"address": "2Q5HUZVET49S99TOU645"}}}