{"guid": "e77ea6bf-13f3-4b7d-8491-672a9056c9dc", "urls": [{"id": "0", "url": "", "xyz": [11.4753, 0, 89.33389995572313], "roll": 89.33389995572313, "time": "1622217353", "accel": {"x": 0.1494, "y": 9.6814, "z": 2.0691}, "floor": true, "pitch": 11.475326552114396, "azimuth": 0, "magnetic": {"x": 25.86, "y": -88.56, "z": -13.92}, "roll_real": 89.1159, "pitch_real": 12.0621, "orientation": 90, "azimuth_real": 0, "index": 0}, {"id": "1", "url": "", "xyz": [17.8633, 0, 90.77393660327479], "roll": 90.77393660327479, "time": "1622217653", "accel": {"x": -0.2739, "y": 9.3846, "z": 2.9633}, "floor": false, "pitch": 17.86325374816917, "azimuth": 0, "magnetic": {"x": 10.68, "y": -91.68, "z": -19.56}, "roll_real": 91.6718, "pitch_real": 17.5172, "orientation": 90, "azimuth_real": 0, "index": 2}], "userId": "b78718e8-4f7f-4995-9870-54fada21e898", "visitId": "c2c96dcc-cfa1-4899-9160-646ea1661a00", "settings": {"options": {"type": "5dabd1c4-35f1-4b78-b549-d887aabf3e8b"}}, "placeId": "54033d87-7ae5-4e43-b0ae-062e5e24170c", "extension_data": {"place": {"address": "GTLOIJSH5KFW40LB5VH2"}}}