{"guid": "b2674ac6-8d62-4af0-89dc-3d9368dccc96", "urls": [{"id": "0", "url": "", "xyz": [11.4753, 0, 89.33389995572313], "roll": 89.33389995572313, "time": "1621612913", "accel": {"x": 0.1494, "y": 9.6814, "z": 2.0691}, "floor": true, "pitch": 11.475326552114396, "azimuth": 0, "magnetic": {"x": 25.86, "y": -88.56, "z": -13.92}, "roll_real": 89.1159, "pitch_real": 12.0621, "orientation": 90, "azimuth_real": 0, "index": 0}, {"id": "1", "url": "", "xyz": [17.8633, 0, 90.77393660327479], "roll": 90.77393660327479, "time": "1621612613", "accel": {"x": -0.2739, "y": 9.3846, "z": 2.9633}, "floor": false, "pitch": 17.86325374816917, "azimuth": 0, "magnetic": {"x": 10.68, "y": -91.68, "z": -19.56}, "roll_real": 91.6718, "pitch_real": 17.5172, "orientation": 90, "azimuth_real": 0, "index": 2}], "userId": "3a12aba3-a373-4bff-8da2-78204090fc96", "visitId": "be05663f-53bc-4fdd-91e1-b4584bb16d6d", "settings": {"options": {"type": "99295a47-2769-4edd-b590-35ff82edd915"}}, "placeId": "aea4ba91-4c8f-4d8d-9a07-a1c11bbb88bf", "extension_data": {"place": {"address": "Z4SEGRPJEH6035D7VRG9"}}}