{"guid": "a7993f2c-b5af-4b47-9ed3-a4603be047fc", "urls": [{"id": "0", "url": "", "xyz": [11.4753, 0, 89.33389995572313], "roll": 89.33389995572313, "time": "1621785413", "accel": {"x": 0.1494, "y": 9.6814, "z": 2.0691}, "floor": true, "pitch": 11.475326552114396, "azimuth": 0, "magnetic": {"x": 25.86, "y": -88.56, "z": -13.92}, "roll_real": 89.1159, "pitch_real": 12.0621, "orientation": 90, "azimuth_real": 0, "index": 0}, {"id": "1", "url": "", "xyz": [17.8633, 0, 90.77393660327479], "roll": 90.77393660327479, "time": "1621785473", "accel": {"x": -0.2739, "y": 9.3846, "z": 2.9633}, "floor": false, "pitch": 17.86325374816917, "azimuth": 0, "magnetic": {"x": 10.68, "y": -91.68, "z": -19.56}, "roll_real": 91.6718, "pitch_real": 17.5172, "orientation": 90, "azimuth_real": 0, "index": 2}], "userId": "d97f6e65-75a6-41b1-842b-78c2da6ce660", "visitId": "b7bcb773-8e0c-4ede-849d-7cf2d4d53458", "settings": {"options": {"type": "ef16592d-81a1-44c3-8fcd-905c29c5327f"}}, "placeId": "2afd05f9-6919-4c92-b9de-d1f838e8a869", "extension_data": {"place": {"address": "JI5FZ3F6PKGWJ3BWJPXO"}}}