{"guid": "c854921b-57d3-454b-8674-3d41f6baebbc", "urls": [{"id": "0", "url": "", "xyz": [11.4753, 0, 89.33389995572313], "roll": 89.33389995572313, "time": "1621612673", "accel": {"x": 0.1494, "y": 9.6814, "z": 2.0691}, "floor": true, "pitch": 11.475326552114396, "azimuth": 0, "magnetic": {"x": 25.86, "y": -88.56, "z": -13.92}, "roll_real": 89.1159, "pitch_real": 12.0621, "orientation": 90, "azimuth_real": 0, "index": 0}, {"id": "1", "url": "", "xyz": [17.8633, 0, 90.77393660327479], "roll": 90.77393660327479, "time": "1621612973", "accel": {"x": -0.2739, "y": 9.3846, "z": 2.9633}, "floor": false, "pitch": 17.86325374816917, "azimuth": 0, "magnetic": {"x": 10.68, "y": -91.68, "z": -19.56}, "roll_real": 91.6718, "pitch_real": 17.5172, "orientation": 90, "azimuth_real": 0, "index": 2}], "userId": "89b812d9-9bfb-499c-a9d4-1307458ba7a8", "visitId": "f5ba5939-ae96-4a01-a92e-c3107dc81145", "settings": {"options": {"type": "9c6f289b-cdca-49e7-a1bc-e43ca710b0df"}}, "placeId": "32dca710-f9ba-4905-9960-1a23b4946a2c", "extension_data": {"place": {"address": "64T740VYQGT63WI69RS4"}}}